camera_index,side,cam_id,mean,avg_contrast,mean_test,contrast_test,security_id,hwid
0,left,0,-0.10200293226571931,2.778459014118318,FAIL,PASS,,
1,left,3,127.18911888295555,1.378392699853772,FAIL,PASS,,
2,left,4,-0.01424312273416688,0.005420344878686583,FAIL,FAIL,,
3,left,7,-0.033137290771706976,0.16303344834007513,FAIL,FAIL,,
